year,state,quarter,suppression,totalRX
2015,AK,1,F,17155
2015,AK,1,T,0
2015,AK,2,F,18459
2015,AK,2,T,0
2015,AK,3,F,18830
2015,AK,3,T,0
2015,AK,4,F,18431
2015,AK,4,T,0
2015,AZ,1,F,254794
2015,AZ,1,T,0
2015,AZ,2,F,319555
2015,AZ,2,T,0
2015,AZ,3,F,311238
2015,AZ,3,T,0
2015,AZ,4,F,299247
2015,AZ,4,T,0
2015,CO,1,F,225404
2015,CO,1,T,0
2015,CO,2,F,210885
2015,CO,2,T,0
2015,CO,3,F,206008
2015,CO,3,T,0
2015,CO,4,F,219387
2015,CO,4,T,0
2015,CT,1,F,134150
2015,CT,1,T,0
2015,CT,2,F,138238
2015,CT,2,T,0
2015,CT,3,F,144510
2015,CT,3,T,0
2015,CT,4,F,135113
2015,CT,4,T,0
2015,DE,1,F,42307
2015,DE,1,T,0
2015,DE,2,F,46187
2015,DE,2,T,0
2015,DE,3,F,47647
2015,DE,3,T,0
2015,DE,4,F,40134
2015,DE,4,T,0
2015,FL,1,F,335412
2015,FL,1,T,0
2015,FL,2,F,339478
2015,FL,2,T,0
2015,FL,3,F,376695
2015,FL,3,T,0
2015,FL,4,F,356322
2015,FL,4,T,0
2015,HI,1,F,40159
2015,HI,1,T,0
2015,HI,2,F,40545
2015,HI,2,T,0
2015,HI,3,F,43267
2015,HI,3,T,0
2015,HI,4,F,43969
2015,HI,4,T,0
2015,IL,1,F,224817
2015,IL,1,T,0
2015,IL,2,F,222729
2015,IL,2,T,0
2015,IL,3,F,352473
2015,IL,3,T,0
2015,IL,4,F,438078
2015,IL,4,T,0
2015,IN,1,F,178420
2015,IN,1,T,0
2015,IN,2,F,216864
2015,IN,2,T,0
2015,IN,3,F,241158
2015,IN,3,T,0
2015,IN,4,F,266556
2015,IN,4,T,0
2015,KY,1,F,153336
2015,KY,1,T,0
2015,KY,2,F,134112
2015,KY,2,T,0
2015,KY,3,F,103757
2015,KY,3,T,0
2015,KY,4,F,98533
2015,KY,4,T,0
2015,LA,1,F,167006
2015,LA,1,T,0
2015,LA,2,F,157945
2015,LA,2,T,0
2015,LA,3,F,152559
2015,LA,3,T,0
2015,LA,4,F,144692
2015,LA,4,T,0
2015,MI,1,F,456803
2015,MI,1,T,0
2015,MI,2,F,517889
2015,MI,2,T,0
2015,MI,3,F,436925
2015,MI,3,T,0
2015,MI,4,F,457766
2015,MI,4,T,0
2015,MO,1,F,174114
2015,MO,1,T,0
2015,MO,2,F,153474
2015,MO,2,T,0
2015,MO,3,F,183208
2015,MO,3,T,0
2015,MO,4,F,171626
2015,MO,4,T,0
2015,MS,1,F,85511
2015,MS,1,T,0
2015,MS,2,F,88948
2015,MS,2,T,0
2015,MS,3,F,94329
2015,MS,3,T,0
2015,MS,4,F,87644
2015,MS,4,T,0
2015,NC,1,F,297762
2015,NC,1,T,0
2015,NC,2,F,279187
2015,NC,2,T,0
2015,NC,3,F,323304
2015,NC,3,T,0
2015,NC,4,F,293360
2015,NC,4,T,0
2015,NH,1,F,30962
2015,NH,1,T,0
2015,NH,2,F,28680
2015,NH,2,T,0
2015,NH,3,F,30029
2015,NH,3,T,0
2015,NH,4,F,29856
2015,NH,4,T,0
2015,NJ,1,F,238619
2015,NJ,1,T,0
2015,NJ,2,F,175100
2015,NJ,2,T,0
2015,NJ,3,F,239064
2015,NJ,3,T,0
2015,NJ,4,F,197265
2015,NJ,4,T,0
2015,NV,1,F,123006
2015,NV,1,T,0
2015,NV,2,F,143442
2015,NV,2,T,0
2015,NV,3,F,139777
2015,NV,3,T,0
2015,NV,4,F,142480
2015,NV,4,T,0
2015,NY,1,F,448448
2015,NY,1,T,0
2015,NY,2,F,492866
2015,NY,2,T,0
2015,NY,3,F,462493
2015,NY,3,T,0
2015,NY,4,F,456174
2015,NY,4,T,0
2015,OH,1,F,548824
2015,OH,1,T,0
2015,OH,2,F,624266
2015,OH,2,T,0
2015,OH,3,F,637477
2015,OH,3,T,0
2015,OH,4,F,590709
2015,OH,4,T,0
2015,OK,1,F,100092
2015,OK,1,T,0
2015,OK,2,F,109374
2015,OK,2,T,0
2015,OK,3,F,117113
2015,OK,3,T,0
2015,OK,4,F,107432
2015,OK,4,T,0
2015,PA,1,F,297868
2015,PA,1,T,0
2015,PA,2,F,418054
2015,PA,2,T,0
2015,PA,3,F,455538
2015,PA,3,T,0
2015,PA,4,F,527169
2015,PA,4,T,0
2015,SC,1,F,106582
2015,SC,1,T,0
2015,SC,2,F,103243
2015,SC,2,T,0
2015,SC,3,F,105108
2015,SC,3,T,0
2015,SC,4,F,84284
2015,SC,4,T,0
2015,TN,1,F,237955
2015,TN,1,T,0
2015,TN,2,F,251391
2015,TN,2,T,0
2015,TN,3,F,238020
2015,TN,3,T,0
2015,TN,4,F,251497
2015,TN,4,T,0
2015,UT,1,F,59356
2015,UT,1,T,0
2015,UT,2,F,59308
2015,UT,2,T,0
2015,UT,3,F,59436
2015,UT,3,T,0
2015,UT,4,F,55261
2015,UT,4,T,0
2015,VA,1,F,144914
2015,VA,1,T,0
2015,VA,2,F,147618
2015,VA,2,T,0
2015,VA,3,F,160178
2015,VA,3,T,0
2015,VA,4,F,151321
2015,VA,4,T,0
2015,WA,1,F,271619
2015,WA,1,T,0
2015,WA,2,F,279674
2015,WA,2,T,0
2015,WA,3,F,253130
2015,WA,3,T,0
2015,WA,4,F,292783
2015,WA,4,T,0
2015,WV,1,F,134941
2015,WV,1,T,0
2015,WV,2,F,141201
2015,WV,2,T,0
2015,WV,3,F,123050
2015,WV,3,T,0
2015,WV,4,F,132861
2015,WV,4,T,0
2015,WY,1,F,10178
2015,WY,1,T,0
2015,WY,2,F,10314
2015,WY,2,T,0
2015,WY,3,F,10308
2015,WY,3,T,0
2015,WY,4,F,9663
2015,WY,4,T,0
2016,AK,1,F,24682
2016,AK,1,T,0
2016,AK,2,F,21681
2016,AK,2,T,0
2016,AK,3,F,27433
2016,AK,3,T,0
2016,AK,4,F,23895
2016,AK,4,T,0
2016,AZ,1,F,417455
2016,AZ,1,T,0
2016,AZ,2,F,283286
2016,AZ,2,T,0
2016,AZ,3,F,280625
2016,AZ,3,T,0
2016,AZ,4,F,264135
2016,AZ,4,T,0
2016,CO,1,F,219992
2016,CO,1,T,0
2016,CO,2,F,213521
2016,CO,2,T,0
2016,CO,3,F,208601
2016,CO,3,T,0
2016,CO,4,F,197179
2016,CO,4,T,0
2016,CT,1,F,129844
2016,CT,1,T,0
2016,CT,2,F,125296
2016,CT,2,T,0
2016,CT,3,F,117091
2016,CT,3,T,0
2016,CT,4,F,100962
2016,CT,4,T,0
2016,DE,1,F,45892
2016,DE,1,T,0
2016,DE,2,F,46096
2016,DE,2,T,0
2016,DE,3,F,47524
2016,DE,3,T,0
2016,DE,4,F,37584
2016,DE,4,T,0
2016,FL,1,F,317597
2016,FL,1,T,0
2016,FL,2,F,339762
2016,FL,2,T,0
2016,FL,3,F,315339
2016,FL,3,T,0
2016,FL,4,F,333968
2016,FL,4,T,0
2016,HI,1,F,35171
2016,HI,1,T,0
2016,HI,2,F,33601
2016,HI,2,T,0
2016,HI,3,F,31945
2016,HI,3,T,0
2016,HI,4,F,39078
2016,HI,4,T,0
2016,IL,1,F,366182
2016,IL,1,T,0
2016,IL,2,F,335767
2016,IL,2,T,0
2016,IL,3,F,291677
2016,IL,3,T,0
2016,IL,4,F,374734
2016,IL,4,T,0
2016,IN,1,F,251357
2016,IN,1,T,0
2016,IN,2,F,332995
2016,IN,2,T,0
2016,IN,3,F,263595
2016,IN,3,T,0
2016,IN,4,F,237106
2016,IN,4,T,0
2016,KY,1,F,192779
2016,KY,1,T,0
2016,KY,2,F,167193
2016,KY,2,T,0
2016,KY,3,F,179660
2016,KY,3,T,0
2016,KY,4,F,199429
2016,KY,4,T,0
2016,LA,1,F,145128
2016,LA,1,T,0
2016,LA,2,F,141834
2016,LA,2,T,0
2016,LA,3,F,204704
2016,LA,3,T,0
2016,LA,4,F,227984
2016,LA,4,T,0
2016,MI,1,F,575671
2016,MI,1,T,0
2016,MI,2,F,472441
2016,MI,2,T,0
2016,MI,3,F,457333
2016,MI,3,T,0
2016,MI,4,F,433941
2016,MI,4,T,0
2016,MO,1,F,167666
2016,MO,1,T,0
2016,MO,2,F,152903
2016,MO,2,T,0
2016,MO,3,F,174787
2016,MO,3,T,0
2016,MO,4,F,157762
2016,MO,4,T,0
2016,MS,1,F,84178
2016,MS,1,T,0
2016,MS,2,F,83873
2016,MS,2,T,0
2016,MS,3,F,81627
2016,MS,3,T,0
2016,MS,4,F,83462
2016,MS,4,T,0
2016,NC,1,F,294022
2016,NC,1,T,0
2016,NC,2,F,258302
2016,NC,2,T,0
2016,NC,3,F,298108
2016,NC,3,T,0
2016,NC,4,F,239501
2016,NC,4,T,0
2016,NH,1,F,20012
2016,NH,1,T,0
2016,NH,2,F,17868
2016,NH,2,T,0
2016,NH,3,F,16785
2016,NH,3,T,0
2016,NH,4,F,15472
2016,NH,4,T,0
2016,NJ,1,F,228727
2016,NJ,1,T,0
2016,NJ,2,F,246537
2016,NJ,2,T,0
2016,NJ,3,F,156017
2016,NJ,3,T,0
2016,NJ,4,F,324838
2016,NJ,4,T,0
2016,NV,1,F,144945
2016,NV,1,T,0
2016,NV,2,F,163536
2016,NV,2,T,0
2016,NV,3,F,146694
2016,NV,3,T,0
2016,NV,4,F,136180
2016,NV,4,T,0
2016,NY,1,F,481585
2016,NY,1,T,0
2016,NY,2,F,448564
2016,NY,2,T,0
2016,NY,3,F,427762
2016,NY,3,T,0
2016,NY,4,F,400668
2016,NY,4,T,0
2016,OH,1,F,662162
2016,OH,1,T,0
2016,OH,2,F,551722
2016,OH,2,T,0
2016,OH,3,F,574213
2016,OH,3,T,0
2016,OH,4,F,528718
2016,OH,4,T,0
2016,OK,1,F,103207
2016,OK,1,T,0
2016,OK,2,F,96465
2016,OK,2,T,0
2016,OK,3,F,105554
2016,OK,3,T,0
2016,OK,4,F,96996
2016,OK,4,T,0
2016,PA,1,F,463670
2016,PA,1,T,0
2016,PA,2,F,434349
2016,PA,2,T,0
2016,PA,3,F,419908
2016,PA,3,T,0
2016,PA,4,F,410542
2016,PA,4,T,0
2016,SC,1,F,79290
2016,SC,1,T,0
2016,SC,2,F,79994
2016,SC,2,T,0
2016,SC,3,F,86251
2016,SC,3,T,0
2016,SC,4,F,87216
2016,SC,4,T,0
2016,TN,1,F,238235
2016,TN,1,T,0
2016,TN,2,F,236744
2016,TN,2,T,0
2016,TN,3,F,244873
2016,TN,3,T,0
2016,TN,4,F,218157
2016,TN,4,T,0
2016,UT,1,F,54217
2016,UT,1,T,0
2016,UT,2,F,54158
2016,UT,2,T,0
2016,UT,3,F,47682
2016,UT,3,T,0
2016,UT,4,F,48748
2016,UT,4,T,0
2016,VA,1,F,150862
2016,VA,1,T,0
2016,VA,2,F,154733
2016,VA,2,T,0
2016,VA,3,F,150097
2016,VA,3,T,0
2016,VA,4,F,127615
2016,VA,4,T,0
2016,WA,1,F,270924
2016,WA,1,T,0
2016,WA,2,F,264998
2016,WA,2,T,0
2016,WA,3,F,266642
2016,WA,3,T,0
2016,WA,4,F,239808
2016,WA,4,T,0
2016,WV,1,F,119099
2016,WV,1,T,0
2016,WV,2,F,122892
2016,WV,2,T,0
2016,WV,3,F,118587
2016,WV,3,T,0
2016,WV,4,F,102888
2016,WV,4,T,0
2016,WY,1,F,9748
2016,WY,1,T,0
2016,WY,2,F,9745
2016,WY,2,T,0
2016,WY,3,F,9305
2016,WY,3,T,0
2016,WY,4,F,8517
2016,WY,4,T,0
2017,AK,1,F,31508
2017,AK,1,T,0
2017,AK,2,F,26196
2017,AK,2,T,0
2017,AK,3,F,25490
2017,AK,3,T,0
2017,AK,4,F,21408
2017,AK,4,T,0
2017,AZ,1,F,252855
2017,AZ,1,T,0
2017,AZ,2,F,245087
2017,AZ,2,T,0
2017,AZ,3,F,231571
2017,AZ,3,T,0
2017,AZ,4,F,209256
2017,AZ,4,T,0
2017,CO,1,F,177800
2017,CO,1,T,0
2017,CO,2,F,169843
2017,CO,2,T,0
2017,CO,3,F,163321
2017,CO,3,T,0
2017,CO,4,F,147029
2017,CO,4,T,0
2017,CT,1,F,95930
2017,CT,1,T,0
2017,CT,2,F,93784
2017,CT,2,T,0
2017,CT,3,F,89250
2017,CT,3,T,0
2017,CT,4,F,85362
2017,CT,4,T,0
2017,DE,1,F,32096
2017,DE,1,T,0
2017,DE,2,F,32649
2017,DE,2,T,0
2017,DE,3,F,30533
2017,DE,3,T,0
2017,DE,4,F,27837
2017,DE,4,T,0
2017,FL,1,F,280764
2017,FL,1,T,0
2017,FL,2,F,352294
2017,FL,2,T,0
2017,FL,3,F,286046
2017,FL,3,T,0
2017,FL,4,F,269955
2017,FL,4,T,0
2017,HI,1,F,41817
2017,HI,1,T,0
2017,HI,2,F,38222
2017,HI,2,T,0
2017,HI,3,F,31280
2017,HI,3,T,0
2017,HI,4,F,26516
2017,HI,4,T,0
2017,IL,1,F,418689
2017,IL,1,T,0
2017,IL,2,F,296540
2017,IL,2,T,0
2017,IL,3,F,275963
2017,IL,3,T,0
2017,IL,4,F,251115
2017,IL,4,T,0
2017,IN,1,F,226591
2017,IN,1,T,0
2017,IN,2,F,225753
2017,IN,2,T,0
2017,IN,3,F,208383
2017,IN,3,T,0
2017,IN,4,F,188968
2017,IN,4,T,0
2017,KY,1,F,239006
2017,KY,1,T,0
2017,KY,2,F,210420
2017,KY,2,T,0
2017,KY,3,F,225324
2017,KY,3,T,0
2017,KY,4,F,211069
2017,KY,4,T,0
2017,LA,1,F,234157
2017,LA,1,T,0
2017,LA,2,F,254617
2017,LA,2,T,0
2017,LA,3,F,210962
2017,LA,3,T,0
2017,LA,4,F,196826
2017,LA,4,T,0
2017,MI,1,F,426913
2017,MI,1,T,0
2017,MI,2,F,424072
2017,MI,2,T,0
2017,MI,3,F,402645
2017,MI,3,T,0
2017,MI,4,F,367845
2017,MI,4,T,0
2017,MO,1,F,149168
2017,MO,1,T,0
2017,MO,2,F,138445
2017,MO,2,T,0
2017,MO,3,F,141563
2017,MO,3,T,0
2017,MO,4,F,130194
2017,MO,4,T,0
2017,MS,1,F,75562
2017,MS,1,T,0
2017,MS,2,F,74154
2017,MS,2,T,0
2017,MS,3,F,68813
2017,MS,3,T,0
2017,MS,4,F,63058
2017,MS,4,T,0
2017,NC,1,F,302151
2017,NC,1,T,0
2017,NC,2,F,214183
2017,NC,2,T,0
2017,NC,3,F,227263
2017,NC,3,T,0
2017,NC,4,F,185059
2017,NC,4,T,0
2017,NH,1,F,12935
2017,NH,1,T,0
2017,NH,2,F,12889
2017,NH,2,T,0
2017,NH,3,F,12352
2017,NH,3,T,0
2017,NH,4,F,11553
2017,NH,4,T,0
2017,NJ,1,F,186001
2017,NJ,1,T,0
2017,NJ,2,F,177830
2017,NJ,2,T,0
2017,NJ,3,F,165014
2017,NJ,3,T,0
2017,NJ,4,F,152656
2017,NJ,4,T,0
2017,NV,1,F,140456
2017,NV,1,T,0
2017,NV,2,F,139083
2017,NV,2,T,0
2017,NV,3,F,135462
2017,NV,3,T,0
2017,NV,4,F,122342
2017,NV,4,T,0
2017,NY,1,F,392170
2017,NY,1,T,0
2017,NY,2,F,389197
2017,NY,2,T,0
2017,NY,3,F,374076
2017,NY,3,T,0
2017,NY,4,F,344281
2017,NY,4,T,0
2017,OH,1,F,535185
2017,OH,1,T,0
2017,OH,2,F,668442
2017,OH,2,T,0
2017,OH,3,F,466675
2017,OH,3,T,0
2017,OH,4,F,397667
2017,OH,4,T,0
2017,OK,1,F,90712
2017,OK,1,T,0
2017,OK,2,F,91221
2017,OK,2,T,0
2017,OK,3,F,87414
2017,OK,3,T,0
2017,OK,4,F,85617
2017,OK,4,T,0
2017,PA,1,F,374926
2017,PA,1,T,0
2017,PA,2,F,510723
2017,PA,2,T,0
2017,PA,3,F,328593
2017,PA,3,T,0
2017,PA,4,F,290136
2017,PA,4,T,0
2017,SC,1,F,80066
2017,SC,1,T,0
2017,SC,2,F,76556
2017,SC,2,T,0
2017,SC,3,F,74718
2017,SC,3,T,0
2017,SC,4,F,69616
2017,SC,4,T,0
2017,TN,1,F,205645
2017,TN,1,T,0
2017,TN,2,F,195641
2017,TN,2,T,0
2017,TN,3,F,182353
2017,TN,3,T,0
2017,TN,4,F,175491
2017,TN,4,T,0
2017,UT,1,F,41994
2017,UT,1,T,0
2017,UT,2,F,41523
2017,UT,2,T,0
2017,UT,3,F,37981
2017,UT,3,T,0
2017,UT,4,F,34161
2017,UT,4,T,0
2017,VA,1,F,121390
2017,VA,1,T,0
2017,VA,2,F,108774
2017,VA,2,T,0
2017,VA,3,F,102851
2017,VA,3,T,0
2017,VA,4,F,93195
2017,VA,4,T,0
2017,WA,1,F,231152
2017,WA,1,T,0
2017,WA,2,F,218206
2017,WA,2,T,0
2017,WA,3,F,276370
2017,WA,3,T,0
2017,WA,4,F,194495
2017,WA,4,T,0
2017,WV,1,F,104311
2017,WV,1,T,0
2017,WV,2,F,102981
2017,WV,2,T,0
2017,WV,3,F,61193
2017,WV,3,T,0
2017,WV,4,F,90505
2017,WV,4,T,0
2017,WY,1,F,7073
2017,WY,1,T,0
2017,WY,2,F,7245
2017,WY,2,T,0
2017,WY,3,F,6607
2017,WY,3,T,0
2017,WY,4,F,6436
2017,WY,4,T,0
2018,AK,1,F,21839
2018,AK,1,T,0
2018,AK,2,F,15935
2018,AK,2,T,0
2018,AK,3,F,22822
2018,AK,3,T,0
2018,AK,4,F,17615
2018,AK,4,T,0
2018,AZ,1,F,189589
2018,AZ,1,T,0
2018,AZ,2,F,176925
2018,AZ,2,T,0
2018,AZ,3,F,170262
2018,AZ,3,T,0
2018,AZ,4,F,157694
2018,AZ,4,T,0
2018,CO,1,F,133637
2018,CO,1,T,0
2018,CO,2,F,133637
2018,CO,2,T,0
2018,CO,3,F,121054
2018,CO,3,T,0
2018,CO,4,F,121195
2018,CO,4,T,0
2018,CT,1,F,79356
2018,CT,1,T,0
2018,CT,2,F,77251
2018,CT,2,T,0
2018,CT,3,F,76099
2018,CT,3,T,0
2018,CT,4,F,73518
2018,CT,4,T,0
2018,DE,1,F,27458
2018,DE,1,T,0
2018,DE,2,F,29565
2018,DE,2,T,0
2018,DE,3,F,27724
2018,DE,3,T,0
2018,DE,4,F,25349
2018,DE,4,T,0
2018,FL,1,F,264476
2018,FL,1,T,0
2018,FL,2,F,249041
2018,FL,2,T,0
2018,FL,3,F,208799
2018,FL,3,T,0
2018,FL,4,F,190448
2018,FL,4,T,0
2018,HI,1,F,30771
2018,HI,1,T,0
2018,HI,2,F,30337
2018,HI,2,T,0
2018,HI,3,F,25904
2018,HI,3,T,0
2018,HI,4,F,21238
2018,HI,4,T,0
2018,IL,1,F,225527
2018,IL,1,T,0
2018,IL,2,F,227349
2018,IL,2,T,0
2018,IL,3,F,219290
2018,IL,3,T,0
2018,IL,4,F,203070
2018,IL,4,T,0
2018,IN,1,F,167009
2018,IN,1,T,0
2018,IN,2,F,159970
2018,IN,2,T,0
2018,IN,3,F,151647
2018,IN,3,T,0
2018,IN,4,F,141967
2018,IN,4,T,0
2018,KY,1,F,214609
2018,KY,1,T,0
2018,KY,2,F,211448
2018,KY,2,T,0
2018,KY,3,F,195443
2018,KY,3,T,0
2018,KY,4,F,184208
2018,KY,4,T,0
2018,LA,1,F,186053
2018,LA,1,T,0
2018,LA,2,F,187364
2018,LA,2,T,0
2018,LA,3,F,185226
2018,LA,3,T,0
2018,LA,4,F,172306
2018,LA,4,T,0
2018,MI,1,F,347252
2018,MI,1,T,0
2018,MI,2,F,314006
2018,MI,2,T,0
2018,MI,3,F,282684
2018,MI,3,T,0
2018,MI,4,F,265208
2018,MI,4,T,0
2018,MO,1,F,123363
2018,MO,1,T,0
2018,MO,2,F,115934
2018,MO,2,T,0
2018,MO,3,F,106898
2018,MO,3,T,0
2018,MO,4,F,100194
2018,MO,4,T,0
2018,MS,1,F,60205
2018,MS,1,T,0
2018,MS,2,F,58416
2018,MS,2,T,0
2018,MS,3,F,55821
2018,MS,3,T,0
2018,MS,4,F,52523
2018,MS,4,T,0
2018,NC,1,F,186010
2018,NC,1,T,0
2018,NC,2,F,149094
2018,NC,2,T,0
2018,NC,3,F,165851
2018,NC,3,T,0
2018,NC,4,F,129211
2018,NC,4,T,0
2018,NH,1,F,10452
2018,NH,1,T,0
2018,NH,2,F,10883
2018,NH,2,T,0
2018,NH,3,F,10109
2018,NH,3,T,0
2018,NH,4,F,11848
2018,NH,4,T,0
2018,NJ,1,F,145640
2018,NJ,1,T,0
2018,NJ,2,F,142317
2018,NJ,2,T,0
2018,NJ,3,F,135854
2018,NJ,3,T,0
2018,NJ,4,F,128915
2018,NJ,4,T,0
2018,NV,1,F,104533
2018,NV,1,T,0
2018,NV,2,F,100864
2018,NV,2,T,0
2018,NV,3,F,95306
2018,NV,3,T,0
2018,NV,4,F,90373
2018,NV,4,T,0
2018,NY,1,F,347335
2018,NY,1,T,0
2018,NY,2,F,336189
2018,NY,2,T,0
2018,NY,3,F,322071
2018,NY,3,T,0
2018,NY,4,F,309930
2018,NY,4,T,0
2018,OH,1,F,369507
2018,OH,1,T,0
2018,OH,2,F,374921
2018,OH,2,T,0
2018,OH,3,F,334068
2018,OH,3,T,0
2018,OH,4,F,314669
2018,OH,4,T,0
2018,OK,1,F,79520
2018,OK,1,T,0
2018,OK,2,F,76829
2018,OK,2,T,0
2018,OK,3,F,75801
2018,OK,3,T,0
2018,OK,4,F,66398
2018,OK,4,T,0
2018,PA,1,F,257709
2018,PA,1,T,0
2018,PA,2,F,238825
2018,PA,2,T,0
2018,PA,3,F,211689
2018,PA,3,T,0
2018,PA,4,F,183101
2018,PA,4,T,0
2018,SC,1,F,63160
2018,SC,1,T,0
2018,SC,2,F,53754
2018,SC,2,T,0
2018,SC,3,F,50218
2018,SC,3,T,0
2018,SC,4,F,47770
2018,SC,4,T,0
2018,TN,1,F,129230
2018,TN,1,T,0
2018,TN,2,F,109300
2018,TN,2,T,0
2018,TN,3,F,102813
2018,TN,3,T,0
2018,TN,4,F,93944
2018,TN,4,T,0
2018,UT,1,F,34103
2018,UT,1,T,0
2018,UT,2,F,31815
2018,UT,2,T,0
2018,UT,3,F,31257
2018,UT,3,T,0
2018,UT,4,F,29046
2018,UT,4,T,0
2018,VA,1,F,99621
2018,VA,1,T,0
2018,VA,2,F,124409
2018,VA,2,T,0
2018,VA,3,F,156029
2018,VA,3,T,0
2018,VA,4,F,203759
2018,VA,4,T,0
2018,WA,1,F,187070
2018,WA,1,T,0
2018,WA,2,F,180227
2018,WA,2,T,0
2018,WA,3,F,174931
2018,WA,3,T,0
2018,WA,4,F,166375
2018,WA,4,T,0
2018,WV,1,F,76460
2018,WV,1,T,0
2018,WV,2,F,72137
2018,WV,2,T,0
2018,WV,3,F,66413
2018,WV,3,T,0
2018,WV,4,F,59384
2018,WV,4,T,0
2018,WY,1,F,5855
2018,WY,1,T,0
2018,WY,2,F,5473
2018,WY,2,T,0
2018,WY,3,F,5402
2018,WY,3,T,0
2018,WY,4,F,4971
2018,WY,4,T,0
2019,AK,1,F,17993
2019,AK,1,T,0
2019,AK,2,F,17539
2019,AK,2,T,0
2019,AK,3,F,17121
2019,AK,3,T,0
2019,AK,4,F,14762
2019,AK,4,T,0
2019,AZ,1,F,146491
2019,AZ,1,T,0
2019,AZ,2,F,141993
2019,AZ,2,T,0
2019,AZ,3,F,136539
2019,AZ,3,T,0
2019,AZ,4,F,131870
2019,AZ,4,T,0
2019,CO,1,F,100248
2019,CO,1,T,0
2019,CO,2,F,105555
2019,CO,2,T,0
2019,CO,3,F,108544
2019,CO,3,T,0
2019,CO,4,F,94347
2019,CO,4,T,0
2019,CT,1,F,70891
2019,CT,1,T,0
2019,CT,2,F,69847
2019,CT,2,T,0
2019,CT,3,F,66874
2019,CT,3,T,0
2019,CT,4,F,62509
2019,CT,4,T,0
2019,DE,1,F,24297
2019,DE,1,T,0
2019,DE,2,F,24943
2019,DE,2,T,0
2019,DE,3,F,24428
2019,DE,3,T,0
2019,DE,4,F,22027
2019,DE,4,T,0
2019,FL,1,F,174327
2019,FL,1,T,0
2019,FL,2,F,174590
2019,FL,2,T,0
2019,FL,3,F,169694
2019,FL,3,T,0
2019,FL,4,F,159430
2019,FL,4,T,0
2019,HI,1,F,21507
2019,HI,1,T,0
2019,HI,2,F,19958
2019,HI,2,T,0
2019,HI,3,F,19791
2019,HI,3,T,0
2019,HI,4,F,18032
2019,HI,4,T,0
2019,IL,1,F,194386
2019,IL,1,T,0
2019,IL,2,F,196843
2019,IL,2,T,0
2019,IL,3,F,191217
2019,IL,3,T,0
2019,IL,4,F,172125
2019,IL,4,T,0
2019,IN,1,F,128649
2019,IN,1,T,0
2019,IN,2,F,131688
2019,IN,2,T,0
2019,IN,3,F,128663
2019,IN,3,T,0
2019,IN,4,F,122858
2019,IN,4,T,0
2019,KY,1,F,174450
2019,KY,1,T,0
2019,KY,2,F,170528
2019,KY,2,T,0
2019,KY,3,F,170111
2019,KY,3,T,0
2019,KY,4,F,161323
2019,KY,4,T,0
2019,LA,1,F,169229
2019,LA,1,T,0
2019,LA,2,F,154789
2019,LA,2,T,0
2019,LA,3,F,152609
2019,LA,3,T,0
2019,LA,4,F,142265
2019,LA,4,T,0
2019,MI,1,F,248124
2019,MI,1,T,0
2019,MI,2,F,243555
2019,MI,2,T,0
2019,MI,3,F,234137
2019,MI,3,T,0
2019,MI,4,F,219288
2019,MI,4,T,0
2019,MO,1,F,92477
2019,MO,1,T,0
2019,MO,2,F,89666
2019,MO,2,T,0
2019,MO,3,F,92818
2019,MO,3,T,0
2019,MO,4,F,84047
2019,MO,4,T,0
2019,MS,1,F,48511
2019,MS,1,T,0
2019,MS,2,F,47865
2019,MS,2,T,0
2019,MS,3,F,45343
2019,MS,3,T,0
2019,MS,4,F,39513
2019,MS,4,T,0
2019,NC,1,F,144119
2019,NC,1,T,0
2019,NC,2,F,120520
2019,NC,2,T,0
2019,NC,3,F,141524
2019,NC,3,T,0
2019,NC,4,F,132590
2019,NC,4,T,0
2019,NH,1,F,14060
2019,NH,1,T,0
2019,NH,2,F,11178
2019,NH,2,T,0
2019,NH,3,F,9573
2019,NH,3,T,0
2019,NH,4,F,7857
2019,NH,4,T,0
2019,NJ,1,F,123193
2019,NJ,1,T,0
2019,NJ,2,F,124912
2019,NJ,2,T,0
2019,NJ,3,F,123384
2019,NJ,3,T,0
2019,NJ,4,F,116588
2019,NJ,4,T,0
2019,NV,1,F,84276
2019,NV,1,T,0
2019,NV,2,F,79768
2019,NV,2,T,0
2019,NV,3,F,80828
2019,NV,3,T,0
2019,NV,4,F,78172
2019,NV,4,T,0
2019,NY,1,F,315448
2019,NY,1,T,0
2019,NY,2,F,288638
2019,NY,2,T,0
2019,NY,3,F,277746
2019,NY,3,T,0
2019,NY,4,F,263434
2019,NY,4,T,0
2019,OH,1,F,308527
2019,OH,1,T,0
2019,OH,2,F,306799
2019,OH,2,T,0
2019,OH,3,F,295213
2019,OH,3,T,0
2019,OH,4,F,272192
2019,OH,4,T,0
2019,OK,1,F,59855
2019,OK,1,T,0
2019,OK,2,F,60074
2019,OK,2,T,0
2019,OK,3,F,57357
2019,OK,3,T,0
2019,OK,4,F,54850
2019,OK,4,T,0
2019,PA,1,F,163391
2019,PA,1,T,0
2019,PA,2,F,155300
2019,PA,2,T,0
2019,PA,3,F,142157
2019,PA,3,T,0
2019,PA,4,F,132696
2019,PA,4,T,0
2019,SC,1,F,40175
2019,SC,1,T,0
2019,SC,2,F,37403
2019,SC,2,T,0
2019,SC,3,F,40401
2019,SC,3,T,0
2019,SC,4,F,43772
2019,SC,4,T,0
2019,TN,1,F,92306
2019,TN,1,T,0
2019,TN,2,F,98810
2019,TN,2,T,0
2019,TN,3,F,108454
2019,TN,3,T,0
2019,TN,4,F,100711
2019,TN,4,T,0
2019,UT,1,F,28807
2019,UT,1,T,0
2019,UT,2,F,31097
2019,UT,2,T,0
2019,UT,3,F,30287
2019,UT,3,T,0
2019,UT,4,F,27603
2019,UT,4,T,0
2019,VA,1,F,240229
2019,VA,1,T,0
2019,VA,2,F,334195
2019,VA,2,T,0
2019,VA,3,F,296898
2019,VA,3,T,0
2019,VA,4,F,313814
2019,VA,4,T,0
2019,WA,1,F,152089
2019,WA,1,T,0
2019,WA,2,F,149224
2019,WA,2,T,0
2019,WA,3,F,149303
2019,WA,3,T,0
2019,WA,4,F,135020
2019,WA,4,T,0
2019,WV,1,F,52701
2019,WV,1,T,0
2019,WV,2,F,51806
2019,WV,2,T,0
2019,WV,3,F,48077
2019,WV,3,T,0
2019,WV,4,F,47200
2019,WV,4,T,0
2020,AK,1,F,13195
2020,AK,1,T,0
2020,AK,2,F,14460
2020,AK,2,T,0
2020,AK,3,F,15399
2020,AK,3,T,0
2020,AK,4,F,12834
2020,AK,4,T,0
2020,AZ,1,F,121494
2020,AZ,1,T,0
2020,AZ,2,F,118057
2020,AZ,2,T,0
2020,AZ,3,F,124489
2020,AZ,3,T,0
2020,AZ,4,F,94778
2020,AZ,4,T,0
2020,CO,1,F,93040
2020,CO,1,T,0
2020,CO,2,F,87322
2020,CO,2,T,0
2020,CO,3,F,96801
2020,CO,3,T,0
2020,CO,4,F,92433
2020,CO,4,T,0
2020,CT,1,F,58354
2020,CT,1,T,0
2020,CT,2,F,51392
2020,CT,2,T,0
2020,CT,3,F,58841
2020,CT,3,T,0
2020,CT,4,F,58604
2020,CT,4,T,0
2020,DE,1,F,20628
2020,DE,1,T,0
2020,DE,2,F,19282
2020,DE,2,T,0
2020,DE,3,F,18983
2020,DE,3,T,0
2020,DE,4,F,9101
2020,DE,4,T,0
2020,FL,1,F,153311
2020,FL,1,T,0
2020,FL,2,F,151688
2020,FL,2,T,0
2020,FL,3,F,167052
2020,FL,3,T,0
2020,FL,4,F,167604
2020,FL,4,T,0
2020,HI,1,F,17260
2020,HI,1,T,0
2020,HI,2,F,16997
2020,HI,2,T,0
2020,HI,3,F,18555
2020,HI,3,T,0
2020,HI,4,F,17770
2020,HI,4,T,0
2020,IL,1,F,156765
2020,IL,1,T,0
2020,IL,2,F,149707
2020,IL,2,T,0
2020,IL,3,F,164036
2020,IL,3,T,0
2020,IL,4,F,78339
2020,IL,4,T,0
2020,IN,1,F,118360
2020,IN,1,T,0
2020,IN,2,F,116554
2020,IN,2,T,0
2020,IN,3,F,137065
2020,IN,3,T,0
2020,IN,4,F,118956
2020,IN,4,T,0
2020,KY,1,F,151965
2020,KY,1,T,0
2020,KY,2,F,146212
2020,KY,2,T,0
2020,KY,3,F,157343
2020,KY,3,T,0
2020,KY,4,F,124085
2020,KY,4,T,0
2020,LA,1,F,133600
2020,LA,1,T,0
2020,LA,2,F,125346
2020,LA,2,T,0
2020,LA,3,F,144089
2020,LA,3,T,0
2020,LA,4,F,146126
2020,LA,4,T,0
2020,MI,1,F,212874
2020,MI,1,T,0
2020,MI,2,F,199074
2020,MI,2,T,0
2020,MI,3,F,220518
2020,MI,3,T,0
2020,MI,4,F,175652
2020,MI,4,T,0
2020,MO,1,F,76935
2020,MO,1,T,0
2020,MO,2,F,66917
2020,MO,2,T,0
2020,MO,3,F,86129
2020,MO,3,T,0
2020,MO,4,F,82063
2020,MO,4,T,0
2020,MS,1,F,36764
2020,MS,1,T,0
2020,MS,2,F,33821
2020,MS,2,T,0
2020,MS,3,F,37814
2020,MS,3,T,0
2020,MS,4,F,37488
2020,MS,4,T,0
2020,NC,1,F,89446
2020,NC,1,T,0
2020,NC,2,F,68379
2020,NC,2,T,0
2020,NC,3,F,203045
2020,NC,3,T,0
2020,NC,4,F,114036
2020,NC,4,T,0
2020,NH,1,F,9991
2020,NH,1,T,0
2020,NH,2,F,9600
2020,NH,2,T,0
2020,NH,3,F,10732
2020,NH,3,T,0
2020,NH,4,F,10591
2020,NH,4,T,0
2020,NJ,1,F,109774
2020,NJ,1,T,0
2020,NJ,2,F,98072
2020,NJ,2,T,0
2020,NJ,3,F,113340
2020,NJ,3,T,0
2020,NJ,4,F,71256
2020,NJ,4,T,0
2020,NV,1,F,75965
2020,NV,1,T,0
2020,NV,2,F,75639
2020,NV,2,T,0
2020,NV,3,F,79839
2020,NV,3,T,0
2020,NV,4,F,67573
2020,NV,4,T,0
2020,NY,1,F,248167
2020,NY,1,T,0
2020,NY,2,F,219802
2020,NY,2,T,0
2020,NY,3,F,262690
2020,NY,3,T,0
2020,NY,4,F,218294
2020,NY,4,T,0
2020,OH,1,F,257395
2020,OH,1,T,0
2020,OH,2,F,240455
2020,OH,2,T,0
2020,OH,3,F,272117
2020,OH,3,T,0
2020,OH,4,F,181977
2020,OH,4,T,0
2020,OK,1,F,48858
2020,OK,1,T,0
2020,OK,2,F,45807
2020,OK,2,T,0
2020,OK,3,F,55687
2020,OK,3,T,0
2020,OK,4,F,52660
2020,OK,4,T,0
2020,PA,1,F,124139
2020,PA,1,T,0
2020,PA,2,F,106964
2020,PA,2,T,0
2020,PA,3,F,122050
2020,PA,3,T,0
2020,PA,4,F,68470
2020,PA,4,T,0
2020,SC,1,F,40864
2020,SC,1,T,0
2020,SC,2,F,36411
2020,SC,2,T,0
2020,SC,3,F,31702
2020,SC,3,T,0
2020,SC,4,F,17961
2020,SC,4,T,0
2020,TN,1,F,109283
2020,TN,1,T,0
2020,TN,2,F,84110
2020,TN,2,T,0
2020,TN,3,F,85288
2020,TN,3,T,0
2020,TN,4,F,75086
2020,TN,4,T,0
2020,UT,1,F,28430
2020,UT,1,T,0
2020,UT,2,F,28241
2020,UT,2,T,0
2020,UT,3,F,28630
2020,UT,3,T,0
2020,UT,4,F,24039
2020,UT,4,T,0
2020,VA,1,F,318866
2020,VA,1,T,0
2020,VA,2,F,509126
2020,VA,2,T,0
2020,VA,3,F,516568
2020,VA,3,T,0
2020,VA,4,F,561262
2020,VA,4,T,0
2020,WA,1,F,128963
2020,WA,1,T,0
2020,WA,2,F,123196
2020,WA,2,T,0
2020,WA,3,F,138067
2020,WA,3,T,0
2020,WA,4,F,124851
2020,WA,4,T,0
2020,WV,1,F,42248
2020,WV,1,T,0
2020,WV,2,F,37183
2020,WV,2,T,0
2020,WV,3,F,42699
2020,WV,3,T,0
2020,WV,4,F,39288
2020,WV,4,T,0
2020,WY,1,F,4133
2020,WY,1,T,0
2020,WY,2,F,3884
2020,WY,2,T,0
2020,WY,3,F,4222
2020,WY,3,T,0
2020,WY,4,F,4272
2020,WY,4,T,0
